instance_index,no_aug_diagnostic_cost,x8_best_cost
0,7.894387245178223,7.875537395477295
1,8.049030303955078,7.923272132873535
2,7.998034477233887,7.98155403137207
3,7.893203258514404,7.893203258514404
4,8.053723335266113,8.053723335266113
5,8.018211364746094,8.008251190185547
6,7.692951202392578,7.662915229797363
7,7.467696666717529,7.467696666717529
8,7.882948875427246,7.855851173400879
9,7.986234664916992,7.949889183044434
