instance_index,no_aug_diagnostic_cost,x8_best_cost
0,3.3665976524353027,3.3656435012817383
1,3.9428651332855225,3.9428651332855225
2,4.228970527648926,4.228970527648926
3,4.392281532287598,4.392281532287598
4,4.316037178039551,4.316037178039551
5,4.3391313552856445,4.3391313552856445
6,3.7304012775421143,3.7304012775421143
7,3.071383476257324,3.071383476257324
8,3.96681547164917,3.963754177093506
9,4.075622081756592,4.075622081756592
