instance_index,no_aug_diagnostic_cost,x8_best_cost
0,3.3665976524353027,3.3656435012817383
1,3.9428651332855225,3.9428651332855225
