instance_index,no_aug_diagnostic_cost,x8_best_cost
0,5.402947425842285,5.402947425842285
1,5.883627891540527,5.883627891540527
2,5.865174770355225,5.865174770355225
3,5.949137210845947,5.949136734008789
4,5.58696174621582,5.58696174621582
5,6.13258171081543,6.13258171081543
6,5.778928279876709,5.778928279876709
7,5.707043647766113,5.6926469802856445
8,5.491731643676758,5.489804267883301
9,5.568516731262207,5.558266639709473
